predator,prey,type
Amphibolurus burnsi,Araneidae,predatorprey
Amphibolurus burnsi,Blattodea,predatorprey
Amphibolurus burnsi,Chilopoda,predatorprey
Amphibolurus burnsi,Coleoptera,predatorprey
Amphibolurus burnsi,Lepidoptera,predatorprey
Anas superciliosa,Blattodea,predatorprey
Anas superciliosa,Coleoptera,predatorprey
Anas superciliosa,Triodia basedownii,predatorprey
Anas superciliosa,Triodia longiceps,predatorprey
Anas superciliosa,Triodia pungens,predatorprey
Antaresia stimsoni,Ctenotus robustus,predatorprey
Antaresia stimsoni,Egernia kintorei,predatorprey
Antaresia stimsoni,Egernia striata,predatorprey
Antaresia stimsoni,Egernia striolata,predatorprey
Antaresia stimsoni,Hemiergis peronii,predatorprey
Antaresia stimsoni,Lagorchestes hirsutus,predatorprey
Antaresia stimsoni,Leggadina forresti,predatorprey
Antaresia stimsoni,Leiolopisma metallicum,predatorprey
Antaresia stimsoni,Leiolopisma trilineatum,predatorprey
Antaresia stimsoni,Lerista bougainvillea,predatorprey
Antaresia stimsoni,Menetia greyii,predatorprey
Antaresia stimsoni,Morethia lineoocellatus,predatorprey
Antaresia stimsoni,Notaden nichollsi,predatorprey
Antaresia stimsoni,Notomys sp.,predatorprey
Antaresia stimsoni,Tiliqua multifasciata,predatorprey
Antaresia stimsoni,Tiliqua occipitalis,predatorprey
Antaresia stimsoni,Tiliqua scincoides,predatorprey
Antaresia stimsoni,Notoryctes caurinus,predatorprey
Antaresia stimsoni,Petrogale lateralis,predatorprey
Antaresia stimsoni,Tachyglossus aculeatus,predatorprey
Aprasia striolata,Formicidae,predatorprey
Aprasia striolata,Lepidoptera,predatorprey
Ardeotis australis,Amphibolurus burnsi,predatorprey
Ardeotis australis,Blattodea,predatorprey
Ardeotis australis,Chilopoda,predatorprey
Ardeotis australis,Coleoptera,predatorprey
Ardeotis australis,Ctenotus leonhardii,predatorprey
Ardeotis australis,Ctenotus robustus,predatorprey
Ardeotis australis,Ctenotus strauchii,predatorprey
Ardeotis australis,Egernia striolata,predatorprey
Ardeotis australis,Heteronotia binoei,predatorprey
Ardeotis australis,Lepidoptera,predatorprey
Ardeotis australis,Notomys sp.,predatorprey
Ardeotis australis,Oedura marmorata,predatorprey
Ardeotis australis,Pogona vitticeps,predatorprey
Ardeotis australis,Pseudechis australis,predatorprey
Ardeotis australis,Pygopus schraderi,predatorprey
Ardeotis australis,Solanum centrale,predatorprey
Ardeotis australis,Solanum chippendalei,predatorprey
Ardeotis australis,Solanum cleistogamum,predatorprey
Ardeotis australis,Solanum diversiflorum,predatorprey
Ardeotis australis,Solanum gilesii,predatorprey
Ardeotis australis,Stiltia isabella,predatorprey
Ardeotis australis,Suta suta,predatorprey
Ardeotis australis,Taeniopygia guttata,predatorprey
Ardeotis australis,Tiliqua multifasciata,predatorprey
Ardeotis australis,Tiliqua occipitalis,predatorprey
Ardeotis australis,Triodia basedownii,predatorprey
Ardeotis australis,Triodia longiceps,predatorprey
Ardeotis australis,Triodia pungens,predatorprey
Ardeotis australis,Turnix velox,predatorprey
Ardeotis australis,Tympanocryptis tetraporophora,predatorprey
Ardeotis australis,Varanus gouldii,predatorprey
Ardeotis australis,Varanus tristis,predatorprey
Ardeotis australis,Melopsittacus undulatus,predatorprey
Ardeotis australis,Notoryctes caurinus,predatorprey
Ardeotis australis,Ocyphaps lophotes,predatorprey
Aspidites melanocephalus,Bettongia lesueur,predatorprey
Aspidites melanocephalus,Ctenophorus caudicinctus,predatorprey
Aspidites melanocephalus,Ctenophorus caudicinctus,predatorprey
Aspidites melanocephalus,Ctenotus isolepis,predatorprey
Aspidites melanocephalus,Ctenotus robustus,predatorprey
Aspidites melanocephalus,Egernia kintorei,predatorprey
Aspidites melanocephalus,Egernia striata,predatorprey
Aspidites melanocephalus,Egernia striolata,predatorprey
Aspidites melanocephalus,Hemiergis peronii,predatorprey
Aspidites melanocephalus,Lagorchestes hirsutus,predatorprey
Aspidites melanocephalus,Leiolopisma metallicum,predatorprey
Aspidites melanocephalus,Leiolopisma trilineatum,predatorprey
Aspidites melanocephalus,Lerista bougainvillea,predatorprey
Aspidites melanocephalus,Lophognatus gilberti,predatorprey
Aspidites melanocephalus,Menetia greyii,predatorprey
Aspidites melanocephalus,Moloch horridus,predatorprey
Aspidites melanocephalus,Morethia lineoocellatus,predatorprey
Aspidites melanocephalus,Notomys sp.,predatorprey
Aspidites melanocephalus,Pogona minor,predatorprey
Aspidites melanocephalus,Pogona minor,predatorprey
Aspidites melanocephalus,Pogona vitticeps,predatorprey
Aspidites melanocephalus,Pogona vitticeps,predatorprey
Aspidites melanocephalus,Pseudechis australis,predatorprey
Aspidites melanocephalus,Pseudechis australis,predatorprey
Aspidites melanocephalus,Reptile eggs,predatorprey
Aspidites melanocephalus,Suta suta,predatorprey
Aspidites melanocephalus,Taeniopygia guttata,predatorprey
Aspidites melanocephalus,Tiliqua occipitalis,predatorprey
Aspidites melanocephalus,Tiliqua scincoides,predatorprey
Aspidites melanocephalus,Varanus acanthurus,predatorprey
Aspidites melanocephalus,Varanus tristis,predatorprey
Aspidites melanocephalus,Melopsittacus undulatus,predatorprey
Aspidites melanocephalus,Notoryctes caurinus,predatorprey
Aspidites melanocephalus,Ocyphaps lophotes,predatorprey
Aspidites melanocephalus,Petrogale lateralis,predatorprey
Aspidites melanocephalus,Tachyglossus aculeatus,predatorprey
Aspidites ramsayii,Bettongia lesueur,predatorprey
Aspidites ramsayii,Ctenophorus caudicinctus,predatorprey
Aspidites ramsayii,Ctenophorus caudicinctus,predatorprey
Aspidites ramsayii,Ctenotus isolepis,predatorprey
Aspidites ramsayii,Egernia kintorei,predatorprey
Aspidites ramsayii,Egernia striata,predatorprey
Aspidites ramsayii,Egernia striolata,predatorprey
Aspidites ramsayii,Hemiergis peronii,predatorprey
Aspidites ramsayii,Lagorchestes hirsutus,predatorprey
Aspidites ramsayii,Leiolopisma metallicum,predatorprey
Aspidites ramsayii,Leiolopisma trilineatum,predatorprey
Aspidites ramsayii,Lerista bougainvillea,predatorprey
Aspidites ramsayii,Lophognatus gilberti,predatorprey
Aspidites ramsayii,Menetia greyii,predatorprey
Aspidites ramsayii,Morethia lineoocellatus,predatorprey
Aspidites ramsayii,Notomys sp.,predatorprey
Aspidites ramsayii,Oedura marmorata,predatorprey
Aspidites ramsayii,Oryctolagus cuniculus,predatorprey
Aspidites ramsayii,Pogona minor,predatorprey
Aspidites ramsayii,Pogona minor,predatorprey
Aspidites ramsayii,Pogona vitticeps,predatorprey
Aspidites ramsayii,Pseudechis australis,predatorprey
Aspidites ramsayii,Reptile eggs,predatorprey
Aspidites ramsayii,Taeniopygia guttata,predatorprey
Aspidites ramsayii,Tiliqua multifasciata,predatorprey
Aspidites ramsayii,Tiliqua occipitalis,predatorprey
Aspidites ramsayii,Tiliqua scincoides,predatorprey
Aspidites ramsayii,Varanus acanthurus,predatorprey
Aspidites ramsayii,Varanus gouldii,predatorprey
Aspidites ramsayii,Varanus tristis,predatorprey
Aspidites ramsayii,Melopsittacus undulatus,predatorprey
Aspidites ramsayii,Notoryctes caurinus,predatorprey
Aspidites ramsayii,Ocyphaps lophotes,predatorprey
Aspidites ramsayii,Petrogale lateralis,predatorprey
Aspidites ramsayii,Tachyglossus aculeatus,predatorprey
Bettongia lesueur,Eragrostis eriopoda,predatorprey
Bettongia lesueur,Eragrostis lanipes,predatorprey
Bettongia lesueur,Eragrostis setifolia,predatorprey
Bettongia lesueur,Panicum decompositum,predatorprey
Bettongia lesueur,Plectrachne schinzii,predatorprey
Bettongia lesueur,Ptilotus exaltatus,predatorprey
Bettongia lesueur,Ptilotus macrocephalus,predatorprey
Bettongia lesueur,Ptilotus polystachyus,predatorprey
Bettongia lesueur,Sida calyxhymenia,predatorprey
Bettongia lesueur,Triodia basedownii,predatorprey
Bettongia lesueur,Triodia longiceps,predatorprey
Bettongia lesueur,Triodia pungens,predatorprey
Calyptorhynchus roseicapilla,Acacia acradenia,predatorprey
Calyptorhynchus roseicapilla,Acacia aneura,predatorprey
Calyptorhynchus roseicapilla,Acacia coriacea,predatorprey
Calyptorhynchus roseicapilla,Acacia cowleana,predatorprey
Calyptorhynchus roseicapilla,Acacia cuthbertsoni,predatorprey
Calyptorhynchus roseicapilla,Acacia dictyophleba,predatorprey
Calyptorhynchus roseicapilla,Acacia kempeana,predatorprey
Calyptorhynchus roseicapilla,Acacia ligulata,predatorprey
Calyptorhynchus roseicapilla,Acacia pruinocarpa,predatorprey
Calyptorhynchus roseicapilla,Acacia spondylophylla,predatorprey
Calyptorhynchus roseicapilla,Acacia tetragonophylla,predatorprey
Calyptorhynchus roseicapilla,Allocasuarina decaisneana,predatorprey
Calyptorhynchus roseicapilla,Eucalyptus opaca,predatorprey
Camelus dromedarius,Amyema sp.,predatorprey
Camelus dromedarius,Canthium attenuatum,predatorprey
Camelus dromedarius,Canthium latifolium,predatorprey
Camelus dromedarius,Capparis loranthifolia,predatorprey
Camelus dromedarius,Capparis umbonata,predatorprey
Camelus dromedarius,Cynanchum floribundum,predatorprey
Camelus dromedarius,Dactyloctenium radulans,predatorprey
Camelus dromedarius,Eragrostis eriopoda,predatorprey
Camelus dromedarius,Eragrostis lanipes,predatorprey
Camelus dromedarius,Eragrostis setifolia,predatorprey
Camelus dromedarius,Hakea leucoptera,predatorprey
Camelus dromedarius,Leptosema chambersii,predatorprey
Camelus dromedarius,Panicum decompositum,predatorprey
Camelus dromedarius,Plectrachne schinzii,predatorprey
Camelus dromedarius,Ptilotus polystachyus,predatorprey
Camelus dromedarius,Santalum acuminatum,predatorprey
Camelus dromedarius,Santalum lanceolatum,predatorprey
Camelus dromedarius,Sida calyxhymenia,predatorprey
Camelus dromedarius,Solanum centrale,predatorprey
Camelus dromedarius,Solanum chippendalei,predatorprey
Camelus dromedarius,Solanum cleistogamum,predatorprey
Camelus dromedarius,Solanum diversiflorum,predatorprey
Camelus dromedarius,Solanum gilesii,predatorprey
Camelus dromedarius,Solanum lasiophyllum,predatorprey
Camelus dromedarius,Tecticornia verrucosa,predatorprey
Camelus dromedarius,Thryptomene maisonneuve,predatorprey
Camelus dromedarius,Thyridolepis multiculmis,predatorprey
Camelus dromedarius,Triodia basedownii,predatorprey
Camelus dromedarius,Triodia longiceps,predatorprey
Camelus dromedarius,Triodia longiceps,predatorprey
Camelus dromedarius,Triodia pungens,predatorprey
Camelus dromedarius,Triodia pungens,predatorprey
Camelus dromedarius,Yakirra australiensis,predatorprey
Camelus dromedarius,Grevillea eriostachya,predatorprey
Camelus dromedarius,Grevillea stenobotrya,predatorprey
Camelus dromedarius,Grevillea wickhamii,predatorprey
Chaeropus ecaudatus,Eragrostis eriopoda,predatorprey
Chaeropus ecaudatus,Eragrostis lanipes,predatorprey
Chaeropus ecaudatus,Eragrostis setifolia,predatorprey
Chaeropus ecaudatus,Panicum decompositum,predatorprey
Chaeropus ecaudatus,Plectrachne schinzii,predatorprey
Chaeropus ecaudatus,Ptilotus polystachyus,predatorprey
Chaeropus ecaudatus,Triodia basedownii,predatorprey
Chaeropus ecaudatus,Triodia longiceps,predatorprey
Chaeropus ecaudatus,Triodia pungens,predatorprey
Corvus cecilae,Acacia acradenia,predatorprey
Corvus cecilae,Acacia aneura,predatorprey
Corvus cecilae,Acacia coriacea,predatorprey
Corvus cecilae,Acacia cowleana,predatorprey
Corvus cecilae,Acacia cuthbertsoni,predatorprey
Corvus cecilae,Acacia dictyophleba,predatorprey
Corvus cecilae,Acacia kempeana,predatorprey
Corvus cecilae,Acacia ligulata,predatorprey
Corvus cecilae,Acacia pruinocarpa,predatorprey
Corvus cecilae,Acacia spondylophylla,predatorprey
Corvus cecilae,Blattodea,predatorprey
Corvus cecilae,Chenopodium curvispicatum,predatorprey
Corvus cecilae,Coleoptera,predatorprey
Corvus cecilae,Cucumis melo (agrestis),predatorprey
Corvus cecilae,Diptera,predatorprey
Corvus cecilae,Enchylaena tomentosa,predatorprey
Corvus cecilae,Formicidae,predatorprey
Corvus cecilae,Heteroptera,predatorprey
Corvus cecilae,Homo sapiens,predatorprey
Corvus cecilae,Lagorchestes hirsutus,predatorprey
Corvus cecilae,Leiolopisma metallicum,predatorprey
Corvus cecilae,Mantodea,predatorprey
Corvus cecilae,Orthoptera,predatorprey
Corvus cecilae,Pseudechis australis,predatorprey
Corvus cecilae,Psylla eucalypti,predatorprey
Corvus cecilae,Taeniopygia guttata,predatorprey
Corvus cecilae,Triodia basedownii,predatorprey
Corvus cecilae,Triodia longiceps,predatorprey
Corvus cecilae,Triodia pungens,predatorprey
Corvus cecilae,Falco longipennis,predatorprey
Corvus cecilae,Varanus acanthurus,predatorprey
Corvus cecilae,Melopsittacus undulatus,predatorprey
Corvus cecilae,Ocyphaps lophotes,predatorprey
Corvus cecilae,Petrogale lateralis,predatorprey
Corvus cecilae,Tachyglossus aculeatus,predatorprey
Corvus cecilae,Anas superciliosa,predatorprey
Ctenophorus caudicinctus,Araneidae,predatorprey
Ctenophorus caudicinctus,Blattodea,predatorprey
Ctenophorus caudicinctus,Blattodea,predatorprey
Ctenophorus caudicinctus,Chilopoda,predatorprey
Ctenophorus caudicinctus,Coleoptera,predatorprey
Ctenophorus caudicinctus,Ctenotus robustus,predatorprey
Ctenophorus caudicinctus,Diptera,predatorprey
Ctenophorus caudicinctus,Formicidae,predatorprey
Ctenophorus caudicinctus,Heteroptera,predatorprey
Ctenophorus caudicinctus,Lepidoptera,predatorprey
Ctenophorus caudicinctus,Mantodea,predatorprey
Ctenophorus caudicinctus,Neuroptera,predatorprey
Ctenophorus caudicinctus,Orthoptera,predatorprey
Ctenophorus caudicinctus,Phasmatodea,predatorprey
Ctenophorus caudicinctus,Zygentoma ,predatorprey
Ctenotus isolepis,Araneidae,predatorprey
Ctenotus isolepis,Blattodea,predatorprey
Ctenotus isolepis,Blattodea,predatorprey
Ctenotus isolepis,Chilopoda,predatorprey
Ctenotus isolepis,Coleoptera,predatorprey
Ctenotus isolepis,Ctenotus robustus,predatorprey
Ctenotus isolepis,Diptera,predatorprey
Ctenotus isolepis,Formicidae,predatorprey
Ctenotus isolepis,Heteroptera,predatorprey
Ctenotus isolepis,Lepidoptera,predatorprey
Ctenotus isolepis,Mantodea,predatorprey
Ctenotus isolepis,Neuroptera,predatorprey
Ctenotus isolepis,Orthoptera,predatorprey
Ctenotus isolepis,Phasmatodea,predatorprey
Ctenotus isolepis,Zygentoma ,predatorprey
Ctenotus leonhardii,Araneidae,predatorprey
Ctenotus leonhardii,Blattodea,predatorprey
Ctenotus leonhardii,Blattodea,predatorprey
Ctenotus leonhardii,Chilopoda,predatorprey
Ctenotus leonhardii,Coleoptera,predatorprey
Ctenotus leonhardii,Ctenotus robustus,predatorprey
Ctenotus leonhardii,Diptera,predatorprey
Ctenotus leonhardii,Formicidae,predatorprey
Ctenotus leonhardii,Heteroptera,predatorprey
Ctenotus leonhardii,Lepidoptera,predatorprey
Ctenotus leonhardii,Mantodea,predatorprey
Ctenotus leonhardii,Neuroptera,predatorprey
Ctenotus leonhardii,Orthoptera,predatorprey
Ctenotus leonhardii,Phasmatodea,predatorprey
Ctenotus leonhardii,Zygentoma ,predatorprey
Ctenotus robustus,Araneidae,predatorprey
Ctenotus robustus,Blattodea,predatorprey
Ctenotus robustus,Blattodea,predatorprey
Ctenotus robustus,Chilopoda,predatorprey
Ctenotus robustus,Coleoptera,predatorprey
Ctenotus robustus,Ctenotus robustus,predatorprey
Ctenotus robustus,Diptera,predatorprey
Ctenotus robustus,Formicidae,predatorprey
Ctenotus robustus,Heteroptera,predatorprey
Ctenotus robustus,Lepidoptera,predatorprey
Ctenotus robustus,Mantodea,predatorprey
Ctenotus robustus,Neuroptera,predatorprey
Ctenotus robustus,Orthoptera,predatorprey
Ctenotus robustus,Phasmatodea,predatorprey
Ctenotus robustus,Zygentoma ,predatorprey
Ctenotus strauchii,Araneidae,predatorprey
Ctenotus strauchii,Blattodea,predatorprey
Ctenotus strauchii,Blattodea,predatorprey
Ctenotus strauchii,Chilopoda,predatorprey
Ctenotus strauchii,Coleoptera,predatorprey
Ctenotus strauchii,Ctenotus robustus,predatorprey
Ctenotus strauchii,Diptera,predatorprey
Ctenotus strauchii,Formicidae,predatorprey
Ctenotus strauchii,Heteroptera,predatorprey
Ctenotus strauchii,Lepidoptera,predatorprey
Ctenotus strauchii,Mantodea,predatorprey
Ctenotus strauchii,Neuroptera,predatorprey
Ctenotus strauchii,Orthoptera,predatorprey
Ctenotus strauchii,Phasmatodea,predatorprey
Ctenotus strauchii,Zygentoma ,predatorprey
Dasycercus cristicauda,Araneidae,predatorprey
Dasycercus cristicauda,Blattodea,predatorprey
Dasycercus cristicauda,Camponotus inflatus,predatorprey
Dasycercus cristicauda,Chilopoda,predatorprey
Dasycercus cristicauda,Coleoptera,predatorprey
Dasycercus cristicauda,Formicidae,predatorprey
Dasycercus cristicauda,Lepidoptera,predatorprey
Dasycercus cristicauda,Mantodea,predatorprey
Dasycercus cristicauda,Neuroptera,predatorprey
Dasycercus cristicauda,Orthoptera,predatorprey
Dasycercus cristicauda,Phasmatodea,predatorprey
Dasycercus cristicauda,Scorpionida,predatorprey
Dasycercus cristicauda,Trigona sp.,predatorprey
Dasycercus cristicauda,Zygentoma ,predatorprey
Dasycercus hilleri,Araneidae,predatorprey
Dasycercus hilleri,Blattodea,predatorprey
Dasycercus hilleri,Camponotus inflatus,predatorprey
Dasycercus hilleri,Chilopoda,predatorprey
Dasycercus hilleri,Coleoptera,predatorprey
Dasycercus hilleri,Formicidae,predatorprey
Dasycercus hilleri,Lepidoptera,predatorprey
Dasycercus hilleri,Mantodea,predatorprey
Dasycercus hilleri,Neuroptera,predatorprey
Dasycercus hilleri,Orthoptera,predatorprey
Dasycercus hilleri,Phasmatodea,predatorprey
Dasycercus hilleri,Scorpionida,predatorprey
Dasycercus hilleri,Trigona sp.,predatorprey
Dasycercus hilleri,Zygentoma ,predatorprey
Dasyurus hallucatus,Bettongia lesueur,predatorprey
Dasyurus hallucatus,Chaeropus ecaudatus,predatorprey
Dasyurus hallucatus,Lagorchestes hirsutus,predatorprey
Dasyurus hallucatus,Macrotis lagotis,predatorprey
Dasyurus hallucatus,Notomys sp.,predatorprey
Dasyurus hallucatus,Orthoptera,predatorprey
Dasyurus hallucatus,Perameles eremiana,predatorprey
Dasyurus hallucatus,Taeniopygia guttata,predatorprey
Dasyurus hallucatus,Isodon auratus,predatorprey
Dasyurus hallucatus,Melopsittacus undulatus,predatorprey
Dasyurus hallucatus,Notoryctes caurinus,predatorprey
Dasyurus hallucatus,Ocyphaps lophotes,predatorprey
Dasyurus hallucatus,Petrogale lateralis,predatorprey
Dasyurus hallucatus,Tachyglossus aculeatus,predatorprey
Dromaius novaehollandiae,Acacia aneura,predatorprey
Dromaius novaehollandiae,Allocasuarina decaisneana,predatorprey
Dromaius novaehollandiae,Amyema sp.,predatorprey
Dromaius novaehollandiae,Canthium attenuatum,predatorprey
Dromaius novaehollandiae,Canthium latifolium,predatorprey
Dromaius novaehollandiae,Capparis loranthifolia,predatorprey
Dromaius novaehollandiae,Capparis umbonata,predatorprey
Dromaius novaehollandiae,Chenopodium curvispicatum,predatorprey
Dromaius novaehollandiae,Cynanchum floribundum,predatorprey
Dromaius novaehollandiae,Daucus glochidiatus,predatorprey
Dromaius novaehollandiae,Enchylaena tomentosa,predatorprey
Dromaius novaehollandiae,Endoxyla cinerea,predatorprey
Dromaius novaehollandiae,Eremophila longifolia,predatorprey
Dromaius novaehollandiae,Grevillea eriostachya,predatorprey
Dromaius novaehollandiae,Grevillea stenobotrya,predatorprey
Dromaius novaehollandiae,Grevillea wickhamii,predatorprey
Dromaius novaehollandiae,Hakea leucoptera,predatorprey
Dromaius novaehollandiae,Hakea suberea,predatorprey
Dromaius novaehollandiae,Leiolopisma metallicum,predatorprey
Dromaius novaehollandiae,Leiolopisma trilineatum,predatorprey
Dromaius novaehollandiae,Nitraria billardierei,predatorprey
Dromaius novaehollandiae,Plectrachne schinzii,predatorprey
Dromaius novaehollandiae,Ptilotus exaltatus,predatorprey
Dromaius novaehollandiae,Santalum acuminatum,predatorprey
Dromaius novaehollandiae,Tecticornia verrucosa,predatorprey
Dromaius novaehollandiae,Tetragonia eremaea,predatorprey
Dromaius novaehollandiae,Thyridolepis multiculmis,predatorprey
Dromaius novaehollandiae,Eremophila latrobei,predatorprey
Egernia kintorei,Blattodea,predatorprey
Egernia kintorei,Formicidae,predatorprey
Egernia kintorei,Plectrachne schinzii,predatorprey
Egernia kintorei,Scaevola parvifolia,predatorprey
Egernia kintorei,Senna sp.,predatorprey
Egernia kintorei,Solanum centrale,predatorprey
Egernia kintorei,Solanum chippendalei,predatorprey
Egernia kintorei,Solanum cleistogamum,predatorprey
Egernia kintorei,Solanum diversiflorum,predatorprey
Egernia kintorei,Solanum gilesii,predatorprey
Egernia kintorei,Solanum lasiophyllum,predatorprey
Egernia kintorei,Tetragonia eremaea,predatorprey
Egernia kintorei,Triodia basedownii,predatorprey
Egernia kintorei,Triodia longiceps,predatorprey
Egernia kintorei,Triodia pungens,predatorprey
Egernia kintorei,Yakirra australiensis,predatorprey
Egernia striata,Blattodea,predatorprey
Egernia striata,Camponotus inflatus,predatorprey
Egernia striata,Formicidae,predatorprey
Egernia striata,Plectrachne schinzii,predatorprey
Egernia striata,Scaevola parvifolia,predatorprey
Egernia striata,Senna sp.,predatorprey
Egernia striata,Solanum centrale,predatorprey
Egernia striata,Solanum chippendalei,predatorprey
Egernia striata,Solanum cleistogamum,predatorprey
Egernia striata,Solanum diversiflorum,predatorprey
Egernia striata,Solanum gilesii,predatorprey
Egernia striata,Solanum lasiophyllum,predatorprey
Egernia striata,Tetragonia eremaea,predatorprey
Egernia striata,Triodia basedownii,predatorprey
Egernia striata,Triodia longiceps,predatorprey
Egernia striata,Triodia pungens,predatorprey
Egernia striata,Yakirra australiensis,predatorprey
Egernia striolata,Blattodea,predatorprey
Egernia striolata,Camponotus inflatus,predatorprey
Egernia striolata,Formicidae,predatorprey
Egernia striolata,Plectrachne schinzii,predatorprey
Egernia striolata,Scaevola parvifolia,predatorprey
Egernia striolata,Senna sp.,predatorprey
Egernia striolata,Solanum centrale,predatorprey
Egernia striolata,Solanum chippendalei,predatorprey
Egernia striolata,Solanum cleistogamum,predatorprey
Egernia striolata,Solanum diversiflorum,predatorprey
Egernia striolata,Solanum gilesii,predatorprey
Egernia striolata,Solanum lasiophyllum,predatorprey
Egernia striolata,Tetragonia eremaea,predatorprey
Egernia striolata,Triodia basedownii,predatorprey
Egernia striolata,Triodia longiceps,predatorprey
Egernia striolata,Triodia pungens,predatorprey
Egernia striolata,Yakirra australiensis,predatorprey
Endoxyla cinerea,Acacia acradenia,predatorprey
Endoxyla cinerea,Acacia aneura,predatorprey
Endoxyla cinerea,Acacia coriacea,predatorprey
Endoxyla cinerea,Acacia cowleana,predatorprey
Endoxyla cinerea,Acacia cuthbertsoni,predatorprey
Endoxyla cinerea,Acacia dictyophleba,predatorprey
Endoxyla cinerea,Acacia kempeana,predatorprey
Endoxyla cinerea,Acacia ligulata,predatorprey
Endoxyla cinerea,Acacia pruinocarpa,predatorprey
Endoxyla cinerea,Acacia spondylophylla,predatorprey
Endoxyla cinerea,Acacia tetragonophylla,predatorprey
Endoxyla leucomochla,Acacia acradenia,predatorprey
Endoxyla leucomochla,Acacia aneura,predatorprey
Endoxyla leucomochla,Acacia coriacea,predatorprey
Endoxyla leucomochla,Acacia cowleana,predatorprey
Endoxyla leucomochla,Acacia cuthbertsoni,predatorprey
Endoxyla leucomochla,Acacia dictyophleba,predatorprey
Endoxyla leucomochla,Acacia kempeana,predatorprey
Endoxyla leucomochla,Acacia ligulata,predatorprey
Endoxyla leucomochla,Acacia pruinocarpa,predatorprey
Endoxyla leucomochla,Acacia spondylophylla,predatorprey
Endoxyla leucomochla,Acacia tetragonophylla,predatorprey
Falco longipennis,Amphibolurus burnsi,predatorprey
Falco longipennis,Aprasia striolata,predatorprey
Falco longipennis,Araneidae,predatorprey
Falco longipennis,Bettongia lesueur,predatorprey
Falco longipennis,Blattodea,predatorprey
Falco longipennis,Chilopoda,predatorprey
Falco longipennis,Coleoptera,predatorprey
Falco longipennis,Ctenotus isolepis,predatorprey
Falco longipennis,Ctenotus isolepis,predatorprey
Falco longipennis,Ctenotus leonhardii,predatorprey
Falco longipennis,Ctenotus leonhardii,predatorprey
Falco longipennis,Ctenotus robustus,predatorprey
Falco longipennis,Ctenotus robustus,predatorprey
Falco longipennis,Ctenotus strauchii,predatorprey
Falco longipennis,Dasycercus cristicauda,predatorprey
Falco longipennis,Dasycercus hilleri,predatorprey
Falco longipennis,Dasyurus hallucatus,predatorprey
Falco longipennis,Formicidae,predatorprey
Falco longipennis,Heteronotia binoei,predatorprey
Falco longipennis,Leiolopisma metallicum,predatorprey
Falco longipennis,Leiolopisma trilineatum,predatorprey
Falco longipennis,Lepidoptera,predatorprey
Falco longipennis,Oedura marmorata,predatorprey
Falco longipennis,Orthoptera,predatorprey
Falco longipennis,Suta suta,predatorprey
Fulica atra,Bdelloid,predatorprey
Fulica atra,Brachionus sp.,predatorprey
Fulica atra,Cephalodella sp.,predatorprey
Fulica atra,Lemna disperma,predatorprey
Fulica atra,Myriophyllum crispatum,predatorprey
Fulica atra,Nematodes,predatorprey
Fulica atra,Ostracods,predatorprey
Fulica atra,Protozoans (ciliates),predatorprey
Fulica atra,Typha dominguensis,predatorprey
Fulica atra,Typha orientalis,predatorprey
Hemiergis peronii,Araneidae,predatorprey
Hemiergis peronii,Chilopoda,predatorprey
Hemiergis peronii,Chortoicetes terminifera,predatorprey
Hemiergis peronii,Coleoptera,predatorprey
Hemiergis peronii,Endoxyla cinerea,predatorprey
Hemiergis peronii,Endoxyla leucomochla,predatorprey
Hemiergis peronii,Lepidoptera,predatorprey
Hemiergis peronii,Scorpionida,predatorprey
Hemiergis peronii,Trigona sp.,predatorprey
Heteronotia binoei,Chilopoda,predatorprey
Heteronotia binoei,Chortoicetes terminifera,predatorprey
Heteronotia binoei,Coleoptera,predatorprey
Heteronotia binoei,Lepidoptera,predatorprey
Isodon auratus,Acacia acradenia,predatorprey
Isodon auratus,Acacia aneura,predatorprey
Isodon auratus,Acacia coriacea,predatorprey
Isodon auratus,Acacia cowleana,predatorprey
Isodon auratus,Acacia cuthbertsoni,predatorprey
Isodon auratus,Acacia dictyophleba,predatorprey
Isodon auratus,Acacia kempeana,predatorprey
Isodon auratus,Acacia ligulata,predatorprey
Isodon auratus,Acacia pruinocarpa,predatorprey
Isodon auratus,Acacia spondylophylla,predatorprey
Isodon auratus,Acacia tetragonophylla,predatorprey
Isodon auratus,Araneidae,predatorprey
Isodon auratus,Blattodea,predatorprey
Isodon auratus,Chilopoda,predatorprey
Isodon auratus,Coleoptera,predatorprey
Isodon auratus,Daucus glochidiatus,predatorprey
Isodon auratus,Eremophila longifolia,predatorprey
Isodon auratus,Formicidae,predatorprey
Isodon auratus,Nitraria billardierei,predatorprey
Isodon auratus,Tetragonia eremaea,predatorprey
Leggadina forresti,Araneidae,predatorprey
Leggadina forresti,Blattodea,predatorprey
Leggadina forresti,Chilopoda,predatorprey
Leggadina forresti,Coleoptera,predatorprey
Leggadina forresti,Eragrostis eriopoda,predatorprey
Leggadina forresti,Eragrostis lanipes,predatorprey
Leggadina forresti,Eragrostis setifolia,predatorprey
Leggadina forresti,Lepidoptera,predatorprey
Leggadina forresti,Panicum decompositum,predatorprey
Leggadina forresti,Plectrachne schinzii,predatorprey
Leggadina forresti,Rhyncharrhena linearis,predatorprey
Leggadina forresti,Thyridolepis multiculmis,predatorprey
Leggadina forresti,Triodia longiceps,predatorprey
Leggadina forresti,Triodia pungens,predatorprey
Leggadina forresti,Yakirra australiensis,predatorprey
Leiolopisma metallicum,Araneidae,predatorprey
Leiolopisma metallicum,Chilopoda,predatorprey
Leiolopisma metallicum,Chortoicetes terminifera,predatorprey
Leiolopisma metallicum,Coleoptera,predatorprey
Leiolopisma metallicum,Endoxyla cinerea,predatorprey
Leiolopisma metallicum,Endoxyla leucomochla,predatorprey
Leiolopisma metallicum,Lepidoptera,predatorprey
Leiolopisma metallicum,Scorpionida,predatorprey
Leiolopisma metallicum,Trigona sp.,predatorprey
Leiolopisma trilineatum,Araneidae,predatorprey
Leiolopisma trilineatum,Chilopoda,predatorprey
Leiolopisma trilineatum,Chortoicetes terminifera,predatorprey
Leiolopisma trilineatum,Coleoptera,predatorprey
Leiolopisma trilineatum,Endoxyla cinerea,predatorprey
Leiolopisma trilineatum,Endoxyla leucomochla,predatorprey
Leiolopisma trilineatum,Lepidoptera,predatorprey
Leiolopisma trilineatum,Scorpionida,predatorprey
Leiolopisma trilineatum,Trigona sp.,predatorprey
Lerista bougainvillea,Blattodea,predatorprey
Lerista bougainvillea,Coleoptera,predatorprey
Lerista bougainvillea,Formicidae,predatorprey
Lerista bougainvillea,Heteroptera,predatorprey
Lerista bougainvillea,Trigona sp.,predatorprey
Lophognatus gilberti,Blattodea,predatorprey
Lophognatus gilberti,Formicidae,predatorprey
Macropus robustus,Calandrinia polyandra,predatorprey
Macropus robustus,Eragrostis eriopoda,predatorprey
Macropus robustus,Eragrostis lanipes,predatorprey
Macropus robustus,Eragrostis setifolia,predatorprey
Macropus robustus,Plectrachne schinzii,predatorprey
Macropus robustus,Ptilotus exaltatus,predatorprey
Macropus robustus,Ptilotus macrocephalus,predatorprey
Macropus robustus,Ptilotus polystachyus,predatorprey
Macropus robustus,Sida calyxhymenia,predatorprey
Macropus robustus,Thyridolepis multiculmis,predatorprey
Macropus robustus,Triodia basedownii,predatorprey
Macropus robustus,Triodia longiceps,predatorprey
Macropus robustus,Triodia pungens,predatorprey
Macropus rufus,Eragrostis eriopoda,predatorprey
Macropus rufus,Eragrostis lanipes,predatorprey
Macropus rufus,Eragrostis setifolia,predatorprey
Macropus rufus,Panicum decompositum,predatorprey
Macropus rufus,Plectrachne schinzii,predatorprey
Macropus rufus,Ptilotus exaltatus,predatorprey
Macropus rufus,Ptilotus macrocephalus,predatorprey
Macropus rufus,Ptilotus polystachyus,predatorprey
Macropus rufus,Sida calyxhymenia,predatorprey
Macropus rufus,Triodia basedownii,predatorprey
Macropus rufus,Triodia longiceps,predatorprey
Macropus rufus,Triodia pungens,predatorprey
Macrotis lagotis,Araneidae,predatorprey
Macrotis lagotis,Blattodea,predatorprey
Macrotis lagotis,Coleoptera,predatorprey
Macrotis lagotis,Formicidae,predatorprey
Macrotis lagotis,Orthoptera,predatorprey
Melopsittacus undulatus,Acacia acradenia,predatorprey
Melopsittacus undulatus,Acacia aneura,predatorprey
Melopsittacus undulatus,Acacia coriacea,predatorprey
Melopsittacus undulatus,Acacia cowleana,predatorprey
Melopsittacus undulatus,Acacia cuthbertsoni,predatorprey
Melopsittacus undulatus,Acacia dictyophleba,predatorprey
Melopsittacus undulatus,Acacia kempeana,predatorprey
Melopsittacus undulatus,Acacia ligulata,predatorprey
Melopsittacus undulatus,Acacia pruinocarpa,predatorprey
Melopsittacus undulatus,Acacia spondylophylla,predatorprey
Melopsittacus undulatus,Acacia tetragonophylla,predatorprey
Menetia greyii,Blattodea,predatorprey
Menetia greyii,Chilopoda,predatorprey
Menetia greyii,Coleoptera,predatorprey
Menetia greyii,Formicidae,predatorprey
Menetia greyii,Lepidoptera,predatorprey
Menetia greyii,Orthoptera,predatorprey
Moloch horridus,Camponotus inflatus,predatorprey
Moloch horridus,Formicidae,predatorprey
Morethia lineoocellatus,Blattodea,predatorprey
Morethia lineoocellatus,Chilopoda,predatorprey
Morethia lineoocellatus,Coleoptera,predatorprey
Morethia lineoocellatus,Formicidae,predatorprey
Morethia lineoocellatus,Lepidoptera,predatorprey
Morethia lineoocellatus,Orthoptera,predatorprey
Notaden nichollsi,Blattodea,predatorprey
Notaden nichollsi,Camponotus inflatus,predatorprey
Notaden nichollsi,Formicidae,predatorprey
Notomys sp.,Araneidae,predatorprey
Notomys sp.,Blattodea,predatorprey
Notomys sp.,Chilopoda,predatorprey
Notomys sp.,Coleoptera,predatorprey
Notomys sp.,Eragrostis eriopoda,predatorprey
Notomys sp.,Eragrostis lanipes,predatorprey
Notomys sp.,Eragrostis setifolia,predatorprey
Notomys sp.,Lepidoptera,predatorprey
Notomys sp.,Panicum decompositum,predatorprey
Notomys sp.,Plectrachne schinzii,predatorprey
Notomys sp.,Rhyncharrhena linearis,predatorprey
Notomys sp.,Thyridolepis multiculmis,predatorprey
Notomys sp.,Triodia longiceps,predatorprey
Notomys sp.,Triodia pungens,predatorprey
Notomys sp.,Yakirra australiensis,predatorprey
Notoryctes caurinus,Araneidae,predatorprey
Notoryctes caurinus,Blattodea,predatorprey
Notoryctes caurinus,Coleoptera,predatorprey
Notoryctes caurinus,Formicidae,predatorprey
Notoryctes caurinus,Heteroptera,predatorprey
Notoryctes caurinus,Lepidoptera,predatorprey
Notoryctes caurinus,Orthoptera,predatorprey
Notoryctes caurinus,Scorpionida,predatorprey
Notoryctes caurinus,Trigona sp.,predatorprey
Ocyphaps lophotes,Amyema sp.,predatorprey
Ocyphaps lophotes,Araneidae,predatorprey
Ocyphaps lophotes,Blattodea,predatorprey
Ocyphaps lophotes,Canthium attenuatum,predatorprey
Ocyphaps lophotes,Canthium latifolium,predatorprey
Ocyphaps lophotes,Capparis loranthifolia,predatorprey
Ocyphaps lophotes,Capparis umbonata,predatorprey
Ocyphaps lophotes,Chilopoda,predatorprey
Ocyphaps lophotes,Coleoptera,predatorprey
Ocyphaps lophotes,Cynanchum floribundum,predatorprey
Ocyphaps lophotes,Eragrostis eriopoda,predatorprey
Ocyphaps lophotes,Eragrostis lanipes,predatorprey
Ocyphaps lophotes,Eragrostis setifolia,predatorprey
Ocyphaps lophotes,Lepidoptera,predatorprey
Ocyphaps lophotes,Panicum decompositum,predatorprey
Ocyphaps lophotes,Plectrachne schinzii,predatorprey
Ocyphaps lophotes,Rhyncharrhena linearis,predatorprey
Ocyphaps lophotes,Tecticornia verrucosa,predatorprey
Ocyphaps lophotes,Thyridolepis multiculmis,predatorprey
Ocyphaps lophotes,Triodia longiceps,predatorprey
Ocyphaps lophotes,Triodia pungens,predatorprey
Ocyphaps lophotes,Yakirra australiensis,predatorprey
Oedura marmorata,Blattodea,predatorprey
Oedura marmorata,Chilopoda,predatorprey
Oedura marmorata,Coleoptera,predatorprey
Oedura marmorata,Formicidae,predatorprey
Oedura marmorata,Lepidoptera,predatorprey
Oedura marmorata,Menetia greyii,predatorprey
Oedura marmorata,Morethia lineoocellatus,predatorprey
Oedura marmorata,Orthoptera,predatorprey
Oedura marmorata,Tiliqua multifasciata,predatorprey
Oedura marmorata,Tiliqua occipitalis,predatorprey
Oryctolagus cuniculus,Amyema sp.,predatorprey
Oryctolagus cuniculus,Canthium attenuatum,predatorprey
Oryctolagus cuniculus,Canthium latifolium,predatorprey
Oryctolagus cuniculus,Capparis loranthifolia,predatorprey
Oryctolagus cuniculus,Capparis umbonata,predatorprey
Oryctolagus cuniculus,Cynanchum floribundum,predatorprey
Oryctolagus cuniculus,Eragrostis eriopoda,predatorprey
Oryctolagus cuniculus,Eragrostis lanipes,predatorprey
Oryctolagus cuniculus,Eragrostis setifolia,predatorprey
Oryctolagus cuniculus,Panicum decompositum,predatorprey
Oryctolagus cuniculus,Plectrachne schinzii,predatorprey
Oryctolagus cuniculus,Ptilotus exaltatus,predatorprey
Oryctolagus cuniculus,Ptilotus macrocephalus,predatorprey
Oryctolagus cuniculus,Ptilotus polystachyus,predatorprey
Oryctolagus cuniculus,Sida calyxhymenia,predatorprey
Oryctolagus cuniculus,Tecticornia verrucosa,predatorprey
Oryctolagus cuniculus,Triodia basedownii,predatorprey
Oryctolagus cuniculus,Triodia longiceps,predatorprey
Oryctolagus cuniculus,Triodia pungens,predatorprey
Perameles eremiana,Blattodea,predatorprey
Perameles eremiana,Camponotus inflatus,predatorprey
Perameles eremiana,Eragrostis eriopoda,predatorprey
Perameles eremiana,Eragrostis lanipes,predatorprey
Perameles eremiana,Eragrostis setifolia,predatorprey
Perameles eremiana,Formicidae,predatorprey
Perameles eremiana,Panicum decompositum,predatorprey
Perameles eremiana,Plectrachne schinzii,predatorprey
Perameles eremiana,Ptilotus polystachyus,predatorprey
Perameles eremiana,Triodia basedownii,predatorprey
Perameles eremiana,Triodia longiceps,predatorprey
Perameles eremiana,Triodia pungens,predatorprey
Petrogale lateralis,Eragrostis eriopoda,predatorprey
Petrogale lateralis,Eragrostis lanipes,predatorprey
Petrogale lateralis,Eragrostis setifolia,predatorprey
Petrogale lateralis,Panicum decompositum,predatorprey
Petrogale lateralis,Plectrachne schinzii,predatorprey
Petrogale lateralis,Rhyncharrhena linearis,predatorprey
Petrogale lateralis,Thyridolepis multiculmis,predatorprey
Petrogale lateralis,Triodia longiceps,predatorprey
Petrogale lateralis,Triodia pungens,predatorprey
Petrogale lateralis,Yakirra australiensis,predatorprey
Pogona minor,Blattodea,predatorprey
Pogona minor,Camponotus inflatus,predatorprey
Pogona minor,Formicidae,predatorprey
Pogona vitticeps,Blattodea,predatorprey
Pogona vitticeps,Camponotus inflatus,predatorprey
Pogona vitticeps,Formicidae,predatorprey
Pseudechis australis,Amphibolurus burnsi,predatorprey
Pseudechis australis,Ctenotus isolepis,predatorprey
Pseudechis australis,Ctenotus leonhardii,predatorprey
Pseudechis australis,Ctenotus robustus,predatorprey
Pseudechis australis,Ctenotus strauchii,predatorprey
Pseudechis australis,Dasycercus cristicauda,predatorprey
Pseudechis australis,Dasycercus hilleri,predatorprey
Pseudechis australis,Egernia striolata,predatorprey
Pseudechis australis,Hemiergis peronii,predatorprey
Pseudechis australis,Heteronotia binoei,predatorprey
Pseudechis australis,Leggadina forresti,predatorprey
Pseudechis australis,Leiolopisma metallicum,predatorprey
Pseudechis australis,Leiolopisma trilineatum,predatorprey
Pseudechis australis,Notomys sp.,predatorprey
Pseudechis australis,Oedura marmorata,predatorprey
Pseudechis australis,Notoryctes caurinus,predatorprey
Pygopus schraderi,Araneidae,predatorprey
Pygopus schraderi,Blattodea,predatorprey
Pygopus schraderi,Chilopoda,predatorprey
Pygopus schraderi,Coleoptera,predatorprey
Pygopus schraderi,Lepidoptera,predatorprey
Sminthopsis macroura,Araneidae,predatorprey
Sminthopsis macroura,Chilopoda,predatorprey
Sminthopsis macroura,Coleoptera,predatorprey
Stiltia isabella,Araneidae,predatorprey
Stiltia isabella,Blattodea,predatorprey
Stiltia isabella,Chilopoda,predatorprey
Stiltia isabella,Coleoptera,predatorprey
Stiltia isabella,Lepidoptera,predatorprey
Suta suta,Amphibolurus burnsi,predatorprey
Suta suta,Ctenotus isolepis,predatorprey
Suta suta,Ctenotus leonhardii,predatorprey
Suta suta,Ctenotus robustus,predatorprey
Suta suta,Ctenotus strauchii,predatorprey
Suta suta,Dasycercus cristicauda,predatorprey
Suta suta,Dasycercus hilleri,predatorprey
Suta suta,Egernia striolata,predatorprey
Suta suta,Hemiergis peronii,predatorprey
Suta suta,Heteronotia binoei,predatorprey
Suta suta,Leggadina forresti,predatorprey
Suta suta,Leiolopisma metallicum,predatorprey
Suta suta,Leiolopisma trilineatum,predatorprey
Suta suta,Notomys sp.,predatorprey
Suta suta,Oedura marmorata,predatorprey
Suta suta,Notoryctes caurinus,predatorprey
Tachyglossus aculeatus,Blattodea,predatorprey
Tachyglossus aculeatus,Camponotus inflatus,predatorprey
Tachyglossus aculeatus,Formicidae,predatorprey
Taeniopygia guttata,Amyema sp.,predatorprey
Taeniopygia guttata,Canthium attenuatum,predatorprey
Taeniopygia guttata,Canthium latifolium,predatorprey
Taeniopygia guttata,Capparis loranthifolia,predatorprey
Taeniopygia guttata,Capparis umbonata,predatorprey
Taeniopygia guttata,Cynanchum floribundum,predatorprey
Taeniopygia guttata,Eragrostis eriopoda,predatorprey
Taeniopygia guttata,Eragrostis lanipes,predatorprey
Taeniopygia guttata,Eragrostis setifolia,predatorprey
Taeniopygia guttata,Panicum decompositum,predatorprey
Taeniopygia guttata,Plectrachne schinzii,predatorprey
Taeniopygia guttata,Ptilotus exaltatus,predatorprey
Taeniopygia guttata,Ptilotus macrocephalus,predatorprey
Taeniopygia guttata,Ptilotus polystachyus,predatorprey
Taeniopygia guttata,Sida calyxhymenia,predatorprey
Taeniopygia guttata,Tecticornia verrucosa,predatorprey
Taeniopygia guttata,Triodia basedownii,predatorprey
Taeniopygia guttata,Triodia longiceps,predatorprey
Taeniopygia guttata,Triodia pungens,predatorprey
Tiliqua multifasciata,Araneidae,predatorprey
Tiliqua multifasciata,Chilopoda,predatorprey
Tiliqua multifasciata,Chortoicetes terminifera,predatorprey
Tiliqua multifasciata,Coleoptera,predatorprey
Tiliqua multifasciata,Endoxyla cinerea,predatorprey
Tiliqua multifasciata,Endoxyla leucomochla,predatorprey
Tiliqua multifasciata,Lepidoptera,predatorprey
Tiliqua multifasciata,Scorpionida,predatorprey
Tiliqua multifasciata,Trigona sp.,predatorprey
Tiliqua occipitalis,Araneidae,predatorprey
Tiliqua occipitalis,Chilopoda,predatorprey
Tiliqua occipitalis,Chortoicetes terminifera,predatorprey
Tiliqua occipitalis,Coleoptera,predatorprey
Tiliqua occipitalis,Endoxyla cinerea,predatorprey
Tiliqua occipitalis,Endoxyla leucomochla,predatorprey
Tiliqua occipitalis,Lepidoptera,predatorprey
Tiliqua occipitalis,Scorpionida,predatorprey
Tiliqua occipitalis,Trigona sp.,predatorprey
Tiliqua scincoides,Araneidae,predatorprey
Tiliqua scincoides,Chilopoda,predatorprey
Tiliqua scincoides,Chortoicetes terminifera,predatorprey
Tiliqua scincoides,Coleoptera,predatorprey
Tiliqua scincoides,Endoxyla cinerea,predatorprey
Tiliqua scincoides,Endoxyla leucomochla,predatorprey
Tiliqua scincoides,Lepidoptera,predatorprey
Tiliqua scincoides,Scorpionida,predatorprey
Tiliqua scincoides,Trigona sp.,predatorprey
Trichosurus vulpecula,Amyema sp.,predatorprey
Trichosurus vulpecula,Canthium attenuatum,predatorprey
Trichosurus vulpecula,Canthium latifolium,predatorprey
Trichosurus vulpecula,Capparis loranthifolia,predatorprey
Trichosurus vulpecula,Capparis umbonata,predatorprey
Trichosurus vulpecula,Cynanchum floribundum,predatorprey
Trichosurus vulpecula,Eremophila latrobei,predatorprey
Trichosurus vulpecula,Eucalyptus opaca,predatorprey
Trichosurus vulpecula,Ficus brachypoda,predatorprey
Trichosurus vulpecula,Hakea suberea,predatorprey
Trichosurus vulpecula,Leptosema chambersii,predatorprey
Trichosurus vulpecula,Ptilotus exaltatus,predatorprey
Trichosurus vulpecula,Ptilotus macrocephalus,predatorprey
Trichosurus vulpecula,Santalum acuminatum,predatorprey
Trichosurus vulpecula,Santalum lanceolatum,predatorprey
Trichosurus vulpecula,Tecticornia verrucosa,predatorprey
Turnix velox,Eragrostis eriopoda,predatorprey
Turnix velox,Eragrostis lanipes,predatorprey
Turnix velox,Eragrostis setifolia,predatorprey
Turnix velox,Panicum decompositum,predatorprey
Turnix velox,Plectrachne schinzii,predatorprey
Turnix velox,Ptilotus exaltatus,predatorprey
Turnix velox,Ptilotus macrocephalus,predatorprey
Turnix velox,Ptilotus polystachyus,predatorprey
Turnix velox,Sida calyxhymenia,predatorprey
Turnix velox,Triodia basedownii,predatorprey
Turnix velox,Triodia longiceps,predatorprey
Turnix velox,Triodia pungens,predatorprey
Tympanocryptis tetraporophora,Blattodea,predatorprey
Tympanocryptis tetraporophora,Camponotus inflatus,predatorprey
Tympanocryptis tetraporophora,Formicidae,predatorprey
Varanus acanthurus,Araneidae,predatorprey
Varanus acanthurus,Blattodea,predatorprey
Varanus acanthurus,Coleoptera,predatorprey
Varanus acanthurus,Lepidoptera,predatorprey
Varanus acanthurus,Orthoptera,predatorprey
Varanus giganteus,Aprasia striolata,predatorprey
Varanus giganteus,Araneidae,predatorprey
Varanus giganteus,Bird egg shell,predatorprey
Varanus giganteus,Blattodea,predatorprey
Varanus giganteus,Chilopoda,predatorprey
Varanus giganteus,Coleoptera,predatorprey
Varanus giganteus,Hemiergis peronii,predatorprey
Varanus giganteus,Homo sapiens,predatorprey
Varanus giganteus,Leiolopisma metallicum,predatorprey
Varanus giganteus,Leiolopisma trilineatum,predatorprey
Varanus giganteus,Lepidoptera,predatorprey
Varanus giganteus,Lerista bougainvillea,predatorprey
Varanus giganteus,Menetia greyii,predatorprey
Varanus giganteus,Morethia lineoocellatus,predatorprey
Varanus giganteus,Reptile eggs,predatorprey
Varanus giganteus,Scorpionida,predatorprey
Varanus giganteus,Varanus gouldii,predatorprey
Varanus gouldii,Aprasia striolata,predatorprey
Varanus gouldii,Araneidae,predatorprey
Varanus gouldii,Bird egg shell,predatorprey
Varanus gouldii,Blattodea,predatorprey
Varanus gouldii,Chilopoda,predatorprey
Varanus gouldii,Coleoptera,predatorprey
Varanus gouldii,Hemiergis peronii,predatorprey
Varanus gouldii,Homo sapiens,predatorprey
Varanus gouldii,Leiolopisma metallicum,predatorprey
Varanus gouldii,Leiolopisma trilineatum,predatorprey
Varanus gouldii,Lepidoptera,predatorprey
Varanus gouldii,Lerista bougainvillea,predatorprey
Varanus gouldii,Menetia greyii,predatorprey
Varanus gouldii,Morethia lineoocellatus,predatorprey
Varanus gouldii,Reptile eggs,predatorprey
Varanus gouldii,Scorpionida,predatorprey
Varanus gouldii,Varanus gouldii,predatorprey
Varanus panoptes,Aprasia striolata,predatorprey
Varanus panoptes,Araneidae,predatorprey
Varanus panoptes,Bird egg shell,predatorprey
Varanus panoptes,Blattodea,predatorprey
Varanus panoptes,Chilopoda,predatorprey
Varanus panoptes,Coleoptera,predatorprey
Varanus panoptes,Hemiergis peronii,predatorprey
Varanus panoptes,Homo sapiens,predatorprey
Varanus panoptes,Leiolopisma metallicum,predatorprey
Varanus panoptes,Leiolopisma trilineatum,predatorprey
Varanus panoptes,Lepidoptera,predatorprey
Varanus panoptes,Lerista bougainvillea,predatorprey
Varanus panoptes,Menetia greyii,predatorprey
Varanus panoptes,Morethia lineoocellatus,predatorprey
Varanus panoptes,Reptile eggs,predatorprey
Varanus panoptes,Scorpionida,predatorprey
Varanus panoptes,Varanus gouldii,predatorprey
Varanus tristis,Araneidae,predatorprey
Varanus tristis,Blattodea,predatorprey
Varanus tristis,Coleoptera,predatorprey
Varanus tristis,Ctenophorus caudicinctus,predatorprey
Varanus tristis,Ctenotus isolepis,predatorprey
Varanus tristis,Formicidae,predatorprey
Varanus tristis,Lepidoptera,predatorprey
Varanus tristis,Lophognatus gilberti,predatorprey
Varanus tristis,Orthoptera,predatorprey
Varanus tristis,Pogona minor,predatorprey
Varanus tristis,Pogona vitticeps,predatorprey
Vulpes vulpes,Araneidae,predatorprey
Vulpes vulpes,Bird egg shell,predatorprey
Vulpes vulpes,Blattodea,predatorprey
Vulpes vulpes,Coleoptera,predatorprey
Vulpes vulpes,Lepidoptera,predatorprey
Vulpes vulpes,Notomys sp.,predatorprey
Vulpes vulpes,Reptile eggs,predatorprey
Vulpes vulpes,Trichosurus vulpecula,predatorprey
Vulpes vulpes,Aquila audax,predatorprey
Vulpes vulpes,Ardeotis australis,predatorprey
Vulpes vulpes,Trichosurus vulpecula,predatorprey
Vulpes vulpes,Notoryctes caurinus,predatorprey
Aquila audax,Bettongia lesueur,predatorprey
Aquila audax,Canis lupus dingo,predatorprey
Aquila audax,Chaeropus ecaudatus,predatorprey
Aquila audax,Ctenophorus caudicinctus,predatorprey
Aquila audax,Ctenotus isolepis,predatorprey
Aquila audax,Felis catus,predatorprey
Aquila audax,Lagorchestes hirsutus,predatorprey
Aquila audax,Lophognatus gilberti,predatorprey
Aquila audax,Macropus robustus,predatorprey
Aquila audax,Notomys sp.,predatorprey
Aquila audax,Orthoptera,predatorprey
Aquila audax,Perameles eremiana,predatorprey
Aquila audax,Pogona minor,predatorprey
Aquila audax,Pogona vitticeps,predatorprey
Aquila audax,Taeniopygia guttata,predatorprey
Aquila audax,Tiliqua multifasciata,predatorprey
Aquila audax,Tiliqua occipitalis,predatorprey
Aquila audax,Varanus gouldii,predatorprey
Aquila audax,Corvus cecilae,predatorprey
Aquila audax,Falco longipennis,predatorprey
Aquila audax,Fulica atra,predatorprey
Aquila audax,Anas superciliosa,predatorprey
Bettongia lesueur,Eragrostis eriopoda,predatorprey
Bettongia lesueur,Eragrostis lanipes,predatorprey
Bettongia lesueur,Eragrostis setifolia,predatorprey
Bettongia lesueur,Panicum decompositum,predatorprey
Bettongia lesueur,Plectrachne schinzii,predatorprey
Bettongia lesueur,Ptilotus exaltatus,predatorprey
Bettongia lesueur,Ptilotus macrocephalus,predatorprey
Bettongia lesueur,Ptilotus polystachyus,predatorprey
Bettongia lesueur,Sida calyxhymenia,predatorprey
Bettongia lesueur,Triodia basedownii,predatorprey
Bettongia lesueur,Triodia longiceps,predatorprey
Bettongia lesueur,Triodia pungens,predatorprey
Canis lupus dingo,Ardeotis australis,predatorprey
Canis lupus dingo,Bettongia lesueur,predatorprey
Canis lupus dingo,Chaeropus ecaudatus,predatorprey
Canis lupus dingo,Chilopoda,predatorprey
Canis lupus dingo,Coleoptera,predatorprey
Canis lupus dingo,Ctenophorus caudicinctus,predatorprey
Canis lupus dingo,Ctenotus isolepis,predatorprey
Canis lupus dingo,Felis catus,predatorprey
Canis lupus dingo,Homo sapiens,predatorprey
Canis lupus dingo,Lagorchestes hirsutus,predatorprey
Canis lupus dingo,Lophognatus gilberti,predatorprey
Canis lupus dingo,Macropus robustus,predatorprey
Canis lupus dingo,Notomys sp.,predatorprey
Canis lupus dingo,Orthoptera,predatorprey
Canis lupus dingo,Perameles eremiana,predatorprey
Canis lupus dingo,Pogona minor,predatorprey
Canis lupus dingo,Pogona vitticeps,predatorprey
Canis lupus dingo,Tiliqua multifasciata,predatorprey
Canis lupus dingo,Tiliqua occipitalis,predatorprey
Canis lupus dingo,Varanus gouldii,predatorprey
Canis lupus dingo,Aquila audax,predatorprey
Canis lupus dingo,Ardeotis australis,predatorprey
Canis lupus dingo,Camelus dromedarius,predatorprey
Canis lupus dingo,Dromaius novaehollandiae,predatorprey
Canis lupus dingo,Fulica atra,predatorprey
Canis lupus dingo,Vulpes vulpes,predatorprey
Canis lupus dingo,Varanus acanthurus,predatorprey
Canis lupus dingo,Tympanocryptis tetraporophora,predatorprey
Canis lupus dingo,Trichosurus vulpecula,predatorprey
Canis lupus dingo,Isodon auratus,predatorprey
Canis lupus dingo,Macropus rufus,predatorprey
Canis lupus dingo,Notoryctes caurinus,predatorprey
Canis lupus dingo,Petrogale lateralis,predatorprey
Canis lupus dingo,Tachyglossus aculeatus,predatorprey
Felis catus,Amphibolurus burnsi,predatorprey
Felis catus,Ctenotus isolepis,predatorprey
Felis catus,Ctenotus leonhardii,predatorprey
Felis catus,Ctenotus robustus,predatorprey
Felis catus,Egernia striolata,predatorprey
Felis catus,Heteronotia binoei,predatorprey
Felis catus,Lagorchestes hirsutus,predatorprey
Felis catus,Leggadina forresti,predatorprey
Felis catus,Notomys sp.,predatorprey
Felis catus,Oedura marmorata,predatorprey
Felis catus,Pogona vitticeps,predatorprey
Felis catus,Pseudechis australis,predatorprey
Felis catus,Pygopus schraderi,predatorprey
Felis catus,Reptile eggs,predatorprey
Felis catus,Sminthopsis macroura,predatorprey
Felis catus,Stiltia isabella,predatorprey
Felis catus,Suta suta,predatorprey
Felis catus,Taeniopygia guttata,predatorprey
Felis catus,Turnix velox,predatorprey
Felis catus,Tympanocryptis tetraporophora,predatorprey
Felis catus,Varanus gouldii,predatorprey
Felis catus,Ardeotis australis,predatorprey
Felis catus,Corvus cecilae,predatorprey
Felis catus,Fulica atra,predatorprey
Felis catus,Vulpes vulpes,predatorprey
Felis catus,Varanus acanthurus,predatorprey
Felis catus,Tympanocryptis tetraporophora,predatorprey
Felis catus,Trichosurus vulpecula,predatorprey
Felis catus,Melopsittacus undulatus,predatorprey
Felis catus,Notoryctes caurinus,predatorprey
Felis catus,Ocyphaps lophotes,predatorprey
Felis catus,Petrogale lateralis,predatorprey
Felis catus,Tachyglossus aculeatus,predatorprey
Homo sapiens,Acacia acradenia,predatorprey
Homo sapiens,Acacia aneura,predatorprey
Homo sapiens,Acacia coriacea,predatorprey
Homo sapiens,Acacia cowleana,predatorprey
Homo sapiens,Acacia cuthbertsoni,predatorprey
Homo sapiens,Acacia dictyophleba,predatorprey
Homo sapiens,Acacia kempeana,predatorprey
Homo sapiens,Acacia ligulata,predatorprey
Homo sapiens,Acacia pruinocarpa,predatorprey
Homo sapiens,Acacia spondylophylla,predatorprey
Homo sapiens,Acacia tetragonophylla,predatorprey
Homo sapiens,Allocasuarina decaisneana,predatorprey
Homo sapiens,Amyema sp.,predatorprey
Homo sapiens,Anas superciliosa,predatorprey
Homo sapiens,Antaresia stimsoni,predatorprey
Homo sapiens,Aquila audax,predatorprey
Homo sapiens,Ardeotis australis,predatorprey
Homo sapiens,Aspidites melanocephalus,predatorprey
Homo sapiens,Aspidites ramsayii,predatorprey
Homo sapiens,Bettongia lesueur,predatorprey
Homo sapiens,Blattodea,predatorprey
Homo sapiens,Calyptorhynchus roseicapilla,predatorprey
Homo sapiens,Camelus dromedarius,predatorprey
Homo sapiens,Canis lupus dingo,predatorprey
Homo sapiens,Canthium attenuatum,predatorprey
Homo sapiens,Canthium latifolium,predatorprey
Homo sapiens,Capparis loranthifolia,predatorprey
Homo sapiens,Capparis umbonata,predatorprey
Homo sapiens,Chaeropus ecaudatus,predatorprey
Homo sapiens,Chioromyces aboriginum,predatorprey
Homo sapiens,Corvus cecilae,predatorprey
Homo sapiens,Ctenotus isolepis,predatorprey
Homo sapiens,Cucumis melo (agrestis),predatorprey
Homo sapiens,Cynanchum floribundum,predatorprey
Homo sapiens,Dactyloctenium radulans,predatorprey
Homo sapiens,Dasycercus cristicauda,predatorprey
Homo sapiens,Dasycercus hilleri,predatorprey
Homo sapiens,Dasyurus hallucatus,predatorprey
Homo sapiens,Dromaius novaehollandiae,predatorprey
Homo sapiens,Egernia kintorei,predatorprey
Homo sapiens,Egernia striata,predatorprey
Homo sapiens,Enchylaena tomentosa,predatorprey
Homo sapiens,Eucalyptus opaca,predatorprey
Homo sapiens,Falco longipennis,predatorprey
Homo sapiens,Felis catus,predatorprey
Homo sapiens,Fulica atra,predatorprey
Homo sapiens,Hakea leucoptera,predatorprey
Homo sapiens,Hakea suberea,predatorprey
Homo sapiens,Homo sapiens,predatorprey
Homo sapiens,Isodon auratus,predatorprey
Homo sapiens,Lagorchestes hirsutus,predatorprey
Homo sapiens,Macropus robustus,predatorprey
Homo sapiens,Macropus rufus,predatorprey
Homo sapiens,Macrotis lagotis,predatorprey
Homo sapiens,Melopsittacus undulatus,predatorprey
Homo sapiens,Moloch horridus,predatorprey
Homo sapiens,Mycoclelandia bulundarii,predatorprey
Homo sapiens,Notomys sp.,predatorprey
Homo sapiens,Notoryctes caurinus,predatorprey
Homo sapiens,Ocyphaps lophotes,predatorprey
Homo sapiens,Oryctolagus cuniculus,predatorprey
Homo sapiens,Panicum decompositum,predatorprey
Homo sapiens,Perameles eremiana,predatorprey
Homo sapiens,Petrogale lateralis,predatorprey
Homo sapiens,Psylla eucalypti,predatorprey
Homo sapiens,Rhyncharrhena linearis,predatorprey
Homo sapiens,Santalum acuminatum,predatorprey
Homo sapiens,Santalum lanceolatum,predatorprey
Homo sapiens,Senna sp.,predatorprey
Homo sapiens,Solanum centrale,predatorprey
Homo sapiens,Solanum chippendalei,predatorprey
Homo sapiens,Solanum cleistogamum,predatorprey
Homo sapiens,Solanum diversiflorum,predatorprey
Homo sapiens,Solanum gilesii,predatorprey
Homo sapiens,Tachyglossus aculeatus,predatorprey
Homo sapiens,Taeniopygia guttata,predatorprey
Homo sapiens,Tecticornia verrucosa,predatorprey
Homo sapiens,Tiliqua multifasciata,predatorprey
Homo sapiens,Tiliqua occipitalis,predatorprey
Homo sapiens,Trichosurus vulpecula,predatorprey
Homo sapiens,Turnix velox,predatorprey
Homo sapiens,Varanus giganteus,predatorprey
Homo sapiens,Varanus gouldii,predatorprey
Homo sapiens,Varanus panoptes,predatorprey
Homo sapiens,Vulpes vulpes,predatorprey
Homo sapiens,Yakirra australiensis,predatorprey
Lagorchestes hirsutus,Araneidae,predatorprey
Lagorchestes hirsutus,Blattodea,predatorprey
Lagorchestes hirsutus,Chilopoda,predatorprey
Lagorchestes hirsutus,Coleoptera,predatorprey
Lagorchestes hirsutus,Formicidae,predatorprey
Lagorchestes hirsutus,Lepidoptera,predatorprey
Lagorchestes hirsutus,Portulaca oleracea,predatorprey
Lagorchestes hirsutus,Ptilotus exaltatus,predatorprey
Lagorchestes hirsutus,Ptilotus macrocephalus,predatorprey
Lagorchestes hirsutus,Triodia basedownii,predatorprey
Lagorchestes hirsutus,Triodia longiceps,predatorprey
Lagorchestes hirsutus,Triodia pungens,predatorprey
Fire,Acacia acradenia,simplefire
Fire,Acacia aneura,simplefire
Fire,Acacia coriacea,simplefire
Fire,Acacia cowleana,simplefire
Fire,Acacia cuthbertsoni,simplefire
Fire,Acacia dictyophleba,simplefire
Fire,Acacia kempeana,simplefire
Fire,Acacia ligulata,simplefire
Fire,Acacia pruinocarpa,simplefire
Fire,Acacia spondylophylla,simplefire
Fire,Acacia tetragonophylla,simplefire
Fire,Amyema sp.,simplefire
Fire,Calandrinia polyandra,simplefire
Fire,Canthium attenuatum,simplefire
Fire,Canthium latifolium,simplefire
Fire,Capparis loranthifolia,simplefire
Fire,Capparis umbonata,simplefire
Fire,Chenopodium curvispicatum,simplefire
Fire,Chioromyces aboriginum,simplefire
Fire,Cucumis melo (agrestis),simplefire
Fire,Cynanchum floribundum,simplefire
Fire,Dactyloctenium radulans,simplefire
Fire,Daucus glochidiatus,simplefire
Fire,Enchylaena tomentosa,simplefire
Fire,Eragrostis eriopoda,simplefire
Fire,Eragrostis lanipes,simplefire
Fire,Eragrostis setifolia,simplefire
Fire,Eremophila latrobei,simplefire
Fire,Eremophila longifolia,simplefire
Fire,Ficus brachypoda,simplefire
Fire,Grevillea eriostachya,simplefire
Fire,Grevillea stenobotrya,simplefire
Fire,Grevillea wickhamii,simplefire
Fire,Hakea leucoptera,simplefire
Fire,Hakea suberea,simplefire
Fire,Leptosema chambersii,simplefire
Fire,Nitraria billardierei,simplefire
Fire,Panicum decompositum,simplefire
Fire,Plectrachne schinzii,simplefire
Fire,Portulaca oleracea,simplefire
Fire,Ptilotus exaltatus,simplefire
Fire,Ptilotus macrocephalus,simplefire
Fire,Ptilotus polystachyus,simplefire
Fire,Rhyncharrhena linearis,simplefire
Fire,Santalum acuminatum,simplefire
Fire,Santalum lanceolatum,simplefire
Fire,Scaevola parvifolia,simplefire
Fire,Senna sp.,simplefire
Fire,Sida calyxhymenia,simplefire
Fire,Solanum centrale,simplefire
Fire,Solanum chippendalei,simplefire
Fire,Solanum cleistogamum,simplefire
Fire,Solanum diversiflorum,simplefire
Fire,Solanum gilesii,simplefire
Fire,Solanum lasiophyllum,simplefire
Fire,Tecticornia verrucosa,simplefire
Fire,Tetragonia eremaea,simplefire
Fire,Thryptomene maisonneuve,simplefire
Fire,Thyridolepis multiculmis,simplefire
Fire,Triodia basedownii,simplefire
Fire,Triodia longiceps,simplefire
Fire,Triodia pungens,simplefire
Fire,Yakirra australiensis,simplefire
Camponotus inflatus,Acacia acradenia,predatorprey
Camponotus inflatus,Acacia aneura,predatorprey
Camponotus inflatus,Acacia coriacea,predatorprey
Camponotus inflatus,Acacia cowleana,predatorprey
Camponotus inflatus,Acacia cuthbertsoni,predatorprey
Camponotus inflatus,Acacia dictyophleba,predatorprey
Camponotus inflatus,Acacia kempeana,predatorprey
Camponotus inflatus,Acacia ligulata,predatorprey
Camponotus inflatus,Acacia pruinocarpa,predatorprey
Camponotus inflatus,Acacia spondylophylla,predatorprey
Camponotus inflatus,Acacia tetragonophylla,predatorprey
Camponotus inflatus,Eremophila latrobei,predatorprey
Camponotus inflatus,Hakea suberea,predatorprey
Camponotus inflatus,Ptilotus exaltatus,predatorprey
Camponotus inflatus,Ptilotus macrocephalus,predatorprey
Amphibolurus burnsi,Camponotus inflatus,predatorprey
Aprasia striolata,Camponotus inflatus,predatorprey
Ardeotis australis,Camponotus inflatus,predatorprey
Corvus cecilae,Camponotus inflatus,predatorprey
Ctenotus isolepis,Camponotus inflatus,predatorprey
Ctenotus robustus,Camponotus inflatus,predatorprey
Dasycercus cristicauda,Camponotus inflatus,predatorprey
Dasyurus hallucatus,Camponotus inflatus,predatorprey
Egernia striata,Camponotus inflatus,predatorprey
Falco longipennis,Camponotus inflatus,predatorprey
Fulica atra,Camponotus inflatus,predatorprey
Heteronotia binoei,Camponotus inflatus,predatorprey
Isodon auratus,Camponotus inflatus,predatorprey
Leggadina forresti,Camponotus inflatus,predatorprey
Leiolopisma trilineatum,Camponotus inflatus,predatorprey
Lophognatus gilberti,Camponotus inflatus,predatorprey
Menetia greyii,Camponotus inflatus,predatorprey
Morethia lineoocellatus,Camponotus inflatus,predatorprey
Notomys sp.,Camponotus inflatus,predatorprey
Ocyphaps lophotes,Camponotus inflatus,predatorprey
Perameles eremiana,Camponotus inflatus,predatorprey
Pogona vitticeps,Camponotus inflatus,predatorprey
Sminthopsis macroura,Camponotus inflatus,predatorprey
Tachyglossus aculeatus,Camponotus inflatus,predatorprey
Tiliqua occipitalis,Camponotus inflatus,predatorprey
Tympanocryptis tetraporophora,Camponotus inflatus,predatorprey
Varanus giganteus,Camponotus inflatus,predatorprey
Varanus panoptes,Camponotus inflatus,predatorprey
Vulpes vulpes,Camponotus inflatus,predatorprey
Anas superciliosa,Camponotus inflatus,predatorprey
Aquila audax,Camponotus inflatus,predatorprey
Canis lupus dingo,Camponotus inflatus,predatorprey
Ctenophorus caudicinctus,Camponotus inflatus,predatorprey
Ctenotus leonhardii,Camponotus inflatus,predatorprey
Ctenotus strauchii,Camponotus inflatus,predatorprey
Dasycercus hilleri,Camponotus inflatus,predatorprey
Egernia kintorei,Camponotus inflatus,predatorprey
Egernia striolata,Camponotus inflatus,predatorprey
Hemiergis peronii,Camponotus inflatus,predatorprey
Homo sapiens,Camponotus inflatus,predatorprey
Lagorchestes hirsutus,Camponotus inflatus,predatorprey
Leiolopisma metallicum,Camponotus inflatus,predatorprey
Lerista bougainvillea,Camponotus inflatus,predatorprey
Macrotis lagotis,Camponotus inflatus,predatorprey
Moloch horridus,Camponotus inflatus,predatorprey
Notaden nichollsi,Camponotus inflatus,predatorprey
Notoryctes caurinus,Camponotus inflatus,predatorprey
Oedura marmorata,Camponotus inflatus,predatorprey
Pogona minor,Camponotus inflatus,predatorprey
Pygopus schraderi,Camponotus inflatus,predatorprey
Stiltia isabella,Camponotus inflatus,predatorprey
Tiliqua multifasciata,Camponotus inflatus,predatorprey
Tiliqua multifasciata,Camponotus inflatus,predatorprey
Tiliqua scincoides,Camponotus inflatus,predatorprey
Varanus acanthurus,Camponotus inflatus,predatorprey
Varanus gouldii,Camponotus inflatus,predatorprey
Varanus tristis,Camponotus inflatus,predatorprey
human fire,Eragrostis lanipes,complexfire
human fire,Eragrostis setifolia,complexfire
human fire,Plectrachne schinzii,complexfire
human fire,Triodia basedownii,complexfire
human fire,Triodia longiceps,complexfire
human fire,Triodia pungens,complexfire
human fire,Panicum decompositum,complexfire
human fire,Thyridolepis multiculmis,complexfire
human fire,Yakirra australiensis,complexfire
lightning fire,Eragrostis lanipes,complexfire
lightning fire,Eragrostis setifolia,complexfire
lightning fire,Plectrachne schinzii,complexfire
lightning fire,Triodia basedownii,complexfire
lightning fire,Triodia longiceps,complexfire
lightning fire,Triodia pungens,complexfire
lightning fire,Panicum decompositum,complexfire
lightning fire,Thyridolepis multiculmis,complexfire
lightning fire,Yakirra australiensis,complexfire
lightning fire,Canis lupus dingo,complexfire
lightning fire,Lagorchestes hirsutus,complexfire
lightning fire,Macrotis lagotis,complexfire
lightning fire,Varanus acanthurus,complexfire
lightning fire,Varanus giganteus,complexfire
lightning fire,Varanus gouldii,complexfire
lightning fire,Varanus panoptes,complexfire
lightning fire,Varanus tristis,complexfire
lightning fire,Chaeropus ecaudatus,complexfire
lightning fire,Isodon auratus,complexfire
lightning fire,Perameles eremiana,complexfire
Homo sapiens,Canis lupus dingo,positive
Homo sapiens,Solanum centrale,positive
Homo sapiens,Solanum chippendalei,positive
Homo sapiens,Solanum cleistogamum,positive
Homo sapiens,Solanum diversiflorum,positive
Homo sapiens,Solanum gilesii,positive
Homo sapiens,Solanum lasiophyllum,positive
Eragrostis eriopoda,Lagorchestes hirsutus,positive
Eragrostis lanipes,Lagorchestes hirsutus,positive
Eragrostis setifolia,Lagorchestes hirsutus,positive
Plectrachne schinzii,Lagorchestes hirsutus,positive
Triodia basedownii,Lagorchestes hirsutus,positive
Triodia longiceps,Lagorchestes hirsutus,positive
Triodia pungens,Lagorchestes hirsutus,positive
Eragrostis eriopoda,Varanus acanthurus,positive
Eragrostis lanipes,Varanus acanthurus,positive
Eragrostis setifolia,Varanus acanthurus,positive
Plectrachne schinzii,Varanus acanthurus,positive
Triodia basedownii,Varanus acanthurus,positive
Triodia longiceps,Varanus acanthurus,positive
Triodia pungens,Varanus acanthurus,positive
Eragrostis eriopoda,Varanus giganteus,positive
Eragrostis lanipes,Varanus giganteus,positive
Eragrostis setifolia,Varanus giganteus,positive
Plectrachne schinzii,Varanus giganteus,positive
Triodia basedownii,Varanus giganteus,positive
Triodia longiceps,Varanus giganteus,positive
Triodia pungens,Varanus giganteus,positive
Eragrostis eriopoda,Varanus gouldii,positive
Eragrostis lanipes,Varanus gouldii,positive
Eragrostis setifolia,Varanus gouldii,positive
Plectrachne schinzii,Varanus gouldii,positive
Triodia basedownii,Varanus gouldii,positive
Triodia longiceps,Varanus gouldii,positive
Triodia pungens,Varanus gouldii,positive
Eragrostis eriopoda,Varanus panoptes,positive
Eragrostis lanipes,Varanus panoptes,positive
Eragrostis setifolia,Varanus panoptes,positive
Plectrachne schinzii,Varanus panoptes,positive
Triodia basedownii,Varanus panoptes,positive
Triodia longiceps,Varanus panoptes,positive
Triodia pungens,Varanus panoptes,positive
Eragrostis eriopoda,Varanus tristis,positive
Eragrostis lanipes,Varanus tristis,positive
Eragrostis setifolia,Varanus tristis,positive
Plectrachne schinzii,Varanus tristis,positive
Triodia basedownii,Varanus tristis,positive
Triodia longiceps,Varanus tristis,positive
Triodia pungens,Varanus tristis,positive
Eragrostis eriopoda,Chaeropus ecaudatus,positive
Eragrostis lanipes,Chaeropus ecaudatus,positive
Eragrostis setifolia,Chaeropus ecaudatus,positive
Plectrachne schinzii,Chaeropus ecaudatus,positive
Triodia basedownii,Chaeropus ecaudatus,positive
Triodia longiceps,Chaeropus ecaudatus,positive
Triodia pungens,Chaeropus ecaudatus,positive
Eragrostis eriopoda,Isodon auratus,positive
Eragrostis lanipes,Isodon auratus,positive
Eragrostis setifolia,Isodon auratus,positive
Plectrachne schinzii,Isodon auratus,positive
Triodia basedownii,Isodon auratus,positive
Triodia longiceps,Isodon auratus,positive
Triodia pungens,Isodon auratus,positive
Eragrostis eriopoda,Perameles eremiana,positive
Eragrostis lanipes,Perameles eremiana,positive
Eragrostis setifolia,Perameles eremiana,positive
Plectrachne schinzii,Perameles eremiana,positive
Triodia basedownii,Perameles eremiana,positive
Triodia longiceps,Perameles eremiana,positive
Triodia pungens,Perameles eremiana,positive
Eragrostis eriopoda,Macrotis lagotis,positive
Eragrostis lanipes,Macrotis lagotis,positive
Eragrostis setifolia,Macrotis lagotis,positive
Plectrachne schinzii,Macrotis lagotis,positive
Triodia basedownii,Macrotis lagotis,positive
Triodia longiceps,Macrotis lagotis,positive
Triodia pungens,Macrotis lagotis,positive
Eragrostis eriopoda,Leggadina forresti,positive
Eragrostis lanipes,Leggadina forresti,positive
Eragrostis setifolia,Leggadina forresti,positive
Plectrachne schinzii,Leggadina forresti,positive
Triodia basedownii,Leggadina forresti,positive
Triodia longiceps,Leggadina forresti,positive
Triodia pungens,Leggadina forresti,positive
Eragrostis eriopoda,Notomys sp.,positive
Eragrostis lanipes,Notomys sp.,positive
Eragrostis setifolia,Notomys sp.,positive
Plectrachne schinzii,Notomys sp.,positive
Triodia basedownii,Notomys sp.,positive
Triodia longiceps,Notomys sp.,positive
Triodia pungens,Notomys sp.,positive
Eragrostis eriopoda,Notoryctes caurinus,positive
Eragrostis lanipes,Notoryctes caurinus,positive
Eragrostis setifolia,Notoryctes caurinus,positive
Plectrachne schinzii,Notoryctes caurinus,positive
Triodia basedownii,Notoryctes caurinus,positive
Triodia longiceps,Notoryctes caurinus,positive
Triodia pungens,Notoryctes caurinus,positive
Eragrostis eriopoda,Oryctolagus cuniculus,positive
Eragrostis lanipes,Oryctolagus cuniculus,positive
Eragrostis setifolia,Oryctolagus cuniculus,positive
Plectrachne schinzii,Oryctolagus cuniculus,positive
Triodia basedownii,Oryctolagus cuniculus,positive
Triodia longiceps,Oryctolagus cuniculus,positive
Triodia pungens,Oryctolagus cuniculus,positive
Eragrostis eriopoda,Petrogale lateralis,positive
Eragrostis lanipes,Petrogale lateralis,positive
Eragrostis setifolia,Petrogale lateralis,positive
Plectrachne schinzii,Petrogale lateralis,positive
Triodia basedownii,Petrogale lateralis,positive
Triodia longiceps,Petrogale lateralis,positive
Triodia pungens,Petrogale lateralis,positive
Eragrostis eriopoda,Tachyglossus aculeatus,positive
Eragrostis lanipes,Tachyglossus aculeatus,positive
Eragrostis setifolia,Tachyglossus aculeatus,positive
Plectrachne schinzii,Tachyglossus aculeatus,positive
Triodia basedownii,Tachyglossus aculeatus,positive
Triodia longiceps,Tachyglossus aculeatus,positive
Triodia pungens,Tachyglossus aculeatus,positive
Eragrostis eriopoda,Trichosurus vulpecula,positive
Eragrostis lanipes,Trichosurus vulpecula,positive
Eragrostis setifolia,Trichosurus vulpecula,positive
Plectrachne schinzii,Trichosurus vulpecula,positive
Triodia basedownii,Trichosurus vulpecula,positive
Triodia longiceps,Trichosurus vulpecula,positive
Triodia pungens,Trichosurus vulpecula,positive
Eragrostis eriopoda,Felis catus,positive
Eragrostis lanipes,Felis catus,positive
Eragrostis setifolia,Felis catus,positive
Plectrachne schinzii,Felis catus,positive
Triodia basedownii,Felis catus,positive
Triodia longiceps,Felis catus,positive
Triodia pungens,Felis catus,positive
Eragrostis eriopoda,Tiliqua multifasciata,positive
Eragrostis lanipes,Tiliqua multifasciata,positive
Eragrostis setifolia,Tiliqua multifasciata,positive
Plectrachne schinzii,Tiliqua multifasciata,positive
Triodia basedownii,Tiliqua multifasciata,positive
Triodia longiceps,Tiliqua multifasciata,positive
Triodia pungens,Tiliqua multifasciata,positive
Eragrostis eriopoda,Tiliqua occipitalis,positive
Eragrostis lanipes,Tiliqua occipitalis,positive
Eragrostis setifolia,Tiliqua occipitalis,positive
Plectrachne schinzii,Tiliqua occipitalis,positive
Triodia basedownii,Tiliqua occipitalis,positive
Triodia longiceps,Tiliqua occipitalis,positive
Triodia pungens,Tiliqua occipitalis,positive
Eragrostis eriopoda,Tiliqua scincoides,positive
Eragrostis lanipes,Tiliqua scincoides,positive
Eragrostis setifolia,Tiliqua scincoides,positive
Plectrachne schinzii,Tiliqua scincoides,positive
Triodia basedownii,Tiliqua scincoides,positive
Triodia longiceps,Tiliqua scincoides,positive
Triodia pungens,Tiliqua scincoides,positive
Panicum decompositum,Lagorchestes hirsutus,positive
Thyridolepis multiculmis,Lagorchestes hirsutus,positive
Yakirra australiensis,Lagorchestes hirsutus,positive
Panicum decompositum,Varanus acanthurus,positive
Thyridolepis multiculmis,Varanus acanthurus,positive
Yakirra australiensis,Varanus acanthurus,positive
Panicum decompositum,Varanus giganteus,positive
Thyridolepis multiculmis,Varanus giganteus,positive
Yakirra australiensis,Varanus giganteus,positive
Panicum decompositum,Varanus gouldii,positive
Thyridolepis multiculmis,Varanus gouldii,positive
Yakirra australiensis,Varanus gouldii,positive
Panicum decompositum,Varanus panoptes,positive
Thyridolepis multiculmis,Varanus panoptes,positive
Yakirra australiensis,Varanus panoptes,positive
Panicum decompositum,Varanus tristis,positive
Thyridolepis multiculmis,Varanus tristis,positive
Yakirra australiensis,Varanus tristis,positive
Panicum decompositum,Chaeropus ecaudatus,positive
Thyridolepis multiculmis,Chaeropus ecaudatus,positive
Yakirra australiensis,Chaeropus ecaudatus,positive
Panicum decompositum,Isodon auratus,positive
Thyridolepis multiculmis,Isodon auratus,positive
Yakirra australiensis,Isodon auratus,positive
Panicum decompositum,Perameles eremiana,positive
Thyridolepis multiculmis,Perameles eremiana,positive
Yakirra australiensis,Perameles eremiana,positive
Panicum decompositum,Macrotis lagotis,positive
Thyridolepis multiculmis,Macrotis lagotis,positive
Yakirra australiensis,Macrotis lagotis,positive
Panicum decompositum,Leggadina forresti,positive
Thyridolepis multiculmis,Leggadina forresti,positive
Yakirra australiensis,Leggadina forresti,positive
Panicum decompositum,Notomys sp.,positive
Thyridolepis multiculmis,Notomys sp.,positive
Yakirra australiensis,Notomys sp.,positive
Panicum decompositum,Notoryctes caurinus,positive
Thyridolepis multiculmis,Notoryctes caurinus,positive
Yakirra australiensis,Notoryctes caurinus,positive
Panicum decompositum,Oryctolagus cuniculus,positive
Thyridolepis multiculmis,Oryctolagus cuniculus,positive
Yakirra australiensis,Oryctolagus cuniculus,positive
Panicum decompositum,Petrogale lateralis,positive
Thyridolepis multiculmis,Petrogale lateralis,positive
Yakirra australiensis,Petrogale lateralis,positive
Panicum decompositum,Tachyglossus aculeatus,positive
Thyridolepis multiculmis,Tachyglossus aculeatus,positive
Yakirra australiensis,Tachyglossus aculeatus,positive
Panicum decompositum,Trichosurus vulpecula,positive
Thyridolepis multiculmis,Trichosurus vulpecula,positive
Yakirra australiensis,Trichosurus vulpecula,positive
Panicum decompositum,Felis catus,positive
Thyridolepis multiculmis,Felis catus,positive
Yakirra australiensis,Felis catus,positive
Panicum decompositum,Tiliqua multifasciata,positive
Thyridolepis multiculmis,Tiliqua multifasciata,positive
Yakirra australiensis,Tiliqua multifasciata,positive
Panicum decompositum,Tiliqua occipitalis,positive
Thyridolepis multiculmis,Tiliqua occipitalis,positive
Yakirra australiensis,Tiliqua occipitalis,positive
Panicum decompositum,Tiliqua scincoides,positive
Thyridolepis multiculmis,Tiliqua scincoides,positive
Yakirra australiensis,Tiliqua scincoides,positive
human fire,patchiness,complexpositive
lightning fire,patchiness,complexnegative
patchiness,Lagorchestes hirsutus,complexpositive
patchiness,Varanus acanthurus,complexpositive
patchiness,Varanus giganteus,complexpositive
patchiness,Varanus gouldii,complexpositive
patchiness,Varanus panoptes,complexpositive
patchiness,Varanus tristis,complexpositive
patchiness,Chaeropus ecaudatus,complexpositive
patchiness,Isodon auratus,complexpositive
patchiness,Perameles eremiana,complexpositive
patchiness,Macrotis lagotis,complexpositive
patchiness,Leggadina forresti,complexpositive
patchiness,Notomys sp.,complexpositive
patchiness,Notoryctes caurinus,complexpositive
patchiness,Oryctolagus cuniculus,complexpositive
patchiness,Petrogale lateralis,complexpositive
patchiness,Tachyglossus aculeatus,complexpositive
patchiness,Trichosurus vulpecula,complexpositive
patchiness,Tiliqua multifasciata,complexpositive
patchiness,Tiliqua occipitalis,complexpositive
patchiness,Tiliqua scincoides,complexpositive
patchiness,Canis lupus dingo,complexpositive
Homo sapiens,human fire,complexpositive
patchiness,lightning fire,complexnegative
human fire,Acacia acradenia,complexfire
human fire,Acacia aneura,complexfire
human fire,Acacia coriacea,complexfire
human fire,Acacia cowleana,complexfire
human fire,Acacia cuthbertsoni,complexfire
human fire,Acacia dictyophleba,complexfire
human fire,Acacia kempeana,complexfire
human fire,Acacia ligulata,complexfire
human fire,Acacia pruinocarpa,complexfire
human fire,Acacia spondylophylla,complexfire
human fire,Acacia tetragonophylla,complexfire
human fire,Amyema sp.,complexfire
human fire,Calandrinia polyandra,complexfire
human fire,Canthium attenuatum,complexfire
human fire,Canthium latifolium,complexfire
human fire,Capparis loranthifolia,complexfire
human fire,Capparis umbonata,complexfire
human fire,Chenopodium curvispicatum,complexfire
human fire,Chioromyces aboriginum,complexfire
human fire,Cucumis melo (agrestis),complexfire
human fire,Cynanchum floribundum,complexfire
human fire,Dactyloctenium radulans,complexfire
human fire,Daucus glochidiatus,complexfire
human fire,Enchylaena tomentosa,complexfire
human fire,Eragrostis eriopoda,complexfire
human fire,Eremophila latrobei,complexfire
human fire,Eremophila longifolia,complexfire
human fire,Ficus brachypoda,complexfire
human fire,Grevillea eriostachya,complexfire
human fire,Grevillea stenobotrya,complexfire
human fire,Grevillea wickhamii,complexfire
human fire,Hakea leucoptera,complexfire
human fire,Hakea suberea,complexfire
human fire,Leptosema chambersii,complexfire
human fire,Nitraria billardierei,complexfire
human fire,Portulaca oleracea,complexfire
human fire,Ptilotus exaltatus,complexfire
human fire,Ptilotus macrocephalus,complexfire
human fire,Ptilotus polystachyus,complexfire
human fire,Rhyncharrhena linearis,complexfire
human fire,Santalum acuminatum,complexfire
human fire,Santalum lanceolatum,complexfire
human fire,Scaevola parvifolia,complexfire
human fire,Senna sp.,complexfire
human fire,Sida calyxhymenia,complexfire
human fire,Solanum centrale,complexfire
human fire,Solanum chippendalei,complexfire
human fire,Solanum cleistogamum,complexfire
human fire,Solanum diversiflorum,complexfire
human fire,Solanum gilesii,complexfire
human fire,Solanum lasiophyllum,complexfire
human fire,Tecticornia verrucosa,complexfire
human fire,Tetragonia eremaea,complexfire
human fire,Thryptomene maisonneuve,complexfire
lightning fire,Acacia acradenia,complexfire
lightning fire,Acacia aneura,complexfire
lightning fire,Acacia coriacea,complexfire
lightning fire,Acacia cowleana,complexfire
lightning fire,Acacia cuthbertsoni,complexfire
lightning fire,Acacia dictyophleba,complexfire
lightning fire,Acacia kempeana,complexfire
lightning fire,Acacia ligulata,complexfire
lightning fire,Acacia pruinocarpa,complexfire
lightning fire,Acacia spondylophylla,complexfire
lightning fire,Acacia tetragonophylla,complexfire
lightning fire,Amyema sp.,complexfire
lightning fire,Calandrinia polyandra,complexfire
lightning fire,Canthium attenuatum,complexfire
lightning fire,Canthium latifolium,complexfire
lightning fire,Capparis loranthifolia,complexfire
lightning fire,Capparis umbonata,complexfire
lightning fire,Chenopodium curvispicatum,complexfire
lightning fire,Chioromyces aboriginum,complexfire
lightning fire,Cucumis melo (agrestis),complexfire
lightning fire,Cynanchum floribundum,complexfire
lightning fire,Dactyloctenium radulans,complexfire
lightning fire,Daucus glochidiatus,complexfire
lightning fire,Enchylaena tomentosa,complexfire
lightning fire,Eragrostis eriopoda,complexfire
lightning fire,Eremophila latrobei,complexfire
lightning fire,Eremophila longifolia,complexfire
lightning fire,Ficus brachypoda,complexfire
lightning fire,Grevillea eriostachya,complexfire
lightning fire,Grevillea stenobotrya,complexfire
lightning fire,Grevillea wickhamii,complexfire
lightning fire,Hakea leucoptera,complexfire
lightning fire,Hakea suberea,complexfire
lightning fire,Leptosema chambersii,complexfire
lightning fire,Nitraria billardierei,complexfire
lightning fire,Portulaca oleracea,complexfire
lightning fire,Ptilotus exaltatus,complexfire
lightning fire,Ptilotus macrocephalus,complexfire
lightning fire,Ptilotus polystachyus,complexfire
lightning fire,Rhyncharrhena linearis,complexfire
lightning fire,Santalum acuminatum,complexfire
lightning fire,Santalum lanceolatum,complexfire
lightning fire,Scaevola parvifolia,complexfire
lightning fire,Senna sp.,complexfire
lightning fire,Sida calyxhymenia,complexfire
lightning fire,Solanum centrale,complexfire
lightning fire,Solanum chippendalei,complexfire
lightning fire,Solanum cleistogamum,complexfire
lightning fire,Solanum diversiflorum,complexfire
lightning fire,Solanum gilesii,complexfire
lightning fire,Solanum lasiophyllum,complexfire
lightning fire,Tecticornia verrucosa,complexfire
lightning fire,Tetragonia eremaea,complexfire
lightning fire,Thryptomene maisonneuve,complexfire
patchiness,Felis catus,complexnegative
patchiness,Vulpes vulpes,complexnegative